<?xml version="1.0" encoding="UTF-8"?>
<project-private xmlns="http://www.netbeans.org/ns/project-private/1">
    <editor-bookmarks xmlns="http://www.netbeans.org/ns/editor-bookmarks/2" lastBookmarkId="0"/>
    <open-files xmlns="http://www.netbeans.org/ns/projectui-open-files/2">
        <group>
            <file>file:/C:/Users/jude/Documents/NetBeansProjects/atm_system-master/ATM_SYSTEM/ATM_SYSTEM/src/atm_system/deposit.java</file>
            <file>file:/C:/Users/jude/Documents/NetBeansProjects/atm_system-master/ATM_SYSTEM/ATM_SYSTEM/src/atm_system/ATM_SYSTEM.java</file>
            <file>file:/C:/Users/jude/Documents/NetBeansProjects/atm_system-master/ATM_SYSTEM/ATM_SYSTEM/src/atm_system/verify.java</file>
            <file>file:/C:/Users/jude/Documents/NetBeansProjects/atm_system-master/ATM_SYSTEM/ATM_SYSTEM/src/atm_system/widthraw.java</file>
            <file>file:/C:/Users/jude/Documents/NetBeansProjects/atm_system-master/ATM_SYSTEM/ATM_SYSTEM/src/atm_system/splash.java</file>
        </group>
    </open-files>
</project-private>
